{
  "test_loss": 0.20574844555618862,
  "test_accuracy": 0.9373040752351097,
  "test_f1": 0.9368423582450097,
  "best_val_f1": 0.9378066604611209,
  "confusion_matrix": [
    [
      127,
      1,
      0,
      1,
      0,
      0,
      0,
      0,
      0,
      0
    ],
    [
      1,
      235,
      0,
      0,
      0,
      0,
      2,
      0,
      0,
      0
    ],
    [
      2,
      6,
      180,
      1,
      6,
      0,
      1,
      2,
      0,
      0
    ],
    [
      0,
      2,
      2,
      101,
      0,
      0,
      1,
      0,
      0,
      9
    ],
    [
      0,
      0,
      1,
      0,
      43,
      1,
      0,
      0,
      0,
      0
    ],
    [
      0,
      0,
      3,
      2,
      0,
      64,
      0,
      2,
      0,
      0
    ],
    [
      0,
      0,
      1,
      0,
      0,
      0,
      24,
      0,
      0,
      0
    ],
    [
      0,
      0,
      3,
      1,
      0,
      1,
      0,
      2,
      0,
      0
    ],
    [
      0,
      2,
      0,
      0,
      0,
      0,
      0,
      0,
      41,
      0
    ],
    [
      0,
      0,
      1,
      5,
      0,
      0,
      0,
      0,
      0,
      80
    ]
  ],
  "classification_report": "              precision    recall  f1-score   support\n\n        教师提问     0.9769    0.9845    0.9807       129\n        学生发言     0.9553    0.9874    0.9711       238\n        教师讲授     0.9424    0.9091    0.9254       198\n        教师巡视     0.9099    0.8783    0.8938       115\n        教师指令     0.8776    0.9556    0.9149        45\n        教师板书     0.9697    0.9014    0.9343        71\n        教师反馈     0.8571    0.9600    0.9057        25\n        技术操作     0.3333    0.2857    0.3077         7\n        学生讨论     1.0000    0.9535    0.9762        43\n        课堂沉寂     0.8989    0.9302    0.9143        86\n\n    accuracy                         0.9373       957\n   macro avg     0.8721    0.8746    0.8724       957\nweighted avg     0.9373    0.9373    0.9368       957\n"
}