{
  "test_loss": 0.4289910294736425,
  "test_accuracy": 0.8160919540229885,
  "test_f1": 0.7816125364279831,
  "best_val_f1": 0.786232230017405,
  "confusion_matrix": [
    [
      128,
      1,
      0,
      0,
      0,
      0,
      0,
      0,
      0,
      0
    ],
    [
      0,
      234,
      3,
      0,
      0,
      0,
      0,
      0,
      0,
      1
    ],
    [
      1,
      5,
      186,
      0,
      4,
      1,
      0,
      0,
      0,
      1
    ],
    [
      0,
      2,
      1,
      88,
      2,
      1,
      0,
      0,
      0,
      21
    ],
    [
      0,
      4,
      31,
      2,
      6,
      1,
      0,
      1,
      0,
      0
    ],
    [
      0,
      0,
      2,
      18,
      1,
      50,
      0,
      0,
      0,
      0
    ],
    [
      1,
      1,
      19,
      1,
      1,
      1,
      0,
      0,
      0,
      1
    ],
    [
      0,
      0,
      2,
      1,
      0,
      4,
      0,
      0,
      0,
      0
    ],
    [
      2,
      5,
      0,
      1,
      0,
      0,
      0,
      0,
      6,
      29
    ],
    [
      0,
      1,
      0,
      1,
      0,
      0,
      0,
      0,
      1,
      83
    ]
  ],
  "classification_report": "              precision    recall  f1-score   support\n\n        教师提问     0.9697    0.9922    0.9808       129\n        学生发言     0.9249    0.9832    0.9532       238\n        教师讲授     0.7623    0.9394    0.8416       198\n        教师巡视     0.7857    0.7652    0.7753       115\n        教师指令     0.4286    0.1333    0.2034        45\n        教师板书     0.8621    0.7042    0.7752        71\n        教师反馈     0.0000    0.0000    0.0000        25\n        技术操作     0.0000    0.0000    0.0000         7\n        学生讨论     0.8571    0.1395    0.2400        43\n        课堂沉寂     0.6103    0.9651    0.7477        86\n\n    accuracy                         0.8161       957\n   macro avg     0.6201    0.5622    0.5517       957\nweighted avg     0.7903    0.8161    0.7816       957\n"
}