{
  "test_loss": 0.2703736323863268,
  "test_accuracy": 0.9059561128526645,
  "test_f1": 0.9018319572591573,
  "best_val_f1": 0.9039619902533079,
  "confusion_matrix": [
    [
      126,
      3,
      0,
      0,
      0,
      0,
      0,
      0,
      0,
      0
    ],
    [
      0,
      237,
      0,
      0,
      0,
      0,
      1,
      0,
      0,
      0
    ],
    [
      1,
      6,
      183,
      1,
      3,
      1,
      3,
      0,
      0,
      0
    ],
    [
      0,
      1,
      0,
      74,
      0,
      12,
      1,
      0,
      0,
      27
    ],
    [
      0,
      4,
      6,
      0,
      34,
      1,
      0,
      0,
      0,
      0
    ],
    [
      0,
      0,
      4,
      4,
      0,
      63,
      0,
      0,
      0,
      0
    ],
    [
      0,
      1,
      0,
      0,
      0,
      0,
      24,
      0,
      0,
      0
    ],
    [
      0,
      0,
      1,
      1,
      1,
      3,
      0,
      1,
      0,
      0
    ],
    [
      0,
      0,
      0,
      0,
      0,
      0,
      0,
      0,
      42,
      1
    ],
    [
      0,
      1,
      0,
      2,
      0,
      0,
      0,
      0,
      0,
      83
    ]
  ],
  "classification_report": "              precision    recall  f1-score   support\n\n        教师提问     0.9921    0.9767    0.9844       129\n        学生发言     0.9368    0.9958    0.9654       238\n        教师讲授     0.9433    0.9242    0.9337       198\n        教师巡视     0.9024    0.6435    0.7513       115\n        教师指令     0.8947    0.7556    0.8193        45\n        教师板书     0.7875    0.8873    0.8344        71\n        教师反馈     0.8276    0.9600    0.8889        25\n        技术操作     1.0000    0.1429    0.2500         7\n        学生讨论     1.0000    0.9767    0.9882        43\n        课堂沉寂     0.7477    0.9651    0.8426        86\n\n    accuracy                         0.9060       957\n   macro avg     0.9032    0.8228    0.8258       957\nweighted avg     0.9119    0.9060    0.9018       957\n"
}