{
  "test_loss": 0.18591877862345427,
  "test_accuracy": 0.955067920585162,
  "test_f1": 0.9538626221319395,
  "best_val_f1": 0.9561827985055915,
  "confusion_matrix": [
    [
      127,
      1,
      0,
      1,
      0,
      0,
      0,
      0,
      0,
      0
    ],
    [
      0,
      235,
      1,
      1,
      0,
      0,
      1,
      0,
      0,
      0
    ],
    [
      1,
      0,
      192,
      0,
      3,
      0,
      1,
      1,
      0,
      0
    ],
    [
      0,
      0,
      0,
      111,
      0,
      2,
      0,
      0,
      2,
      0
    ],
    [
      0,
      0,
      5,
      0,
      39,
      0,
      0,
      1,
      0,
      0
    ],
    [
      0,
      0,
      0,
      0,
      0,
      71,
      0,
      0,
      0,
      0
    ],
    [
      0,
      0,
      1,
      0,
      0,
      0,
      24,
      0,
      0,
      0
    ],
    [
      0,
      0,
      3,
      1,
      0,
      0,
      0,
      3,
      0,
      0
    ],
    [
      0,
      0,
      0,
      0,
      0,
      0,
      0,
      0,
      30,
      13
    ],
    [
      0,
      1,
      0,
      2,
      0,
      0,
      0,
      0,
      1,
      82
    ]
  ],
  "classification_report": "              precision    recall  f1-score   support\n\n        教师提问     0.9922    0.9845    0.9883       129\n        学生发言     0.9916    0.9874    0.9895       238\n        教师讲授     0.9505    0.9697    0.9600       198\n        教师巡视     0.9569    0.9652    0.9610       115\n        教师指令     0.9286    0.8667    0.8966        45\n        教师板书     0.9726    1.0000    0.9861        71\n        教师反馈     0.9231    0.9600    0.9412        25\n        技术操作     0.6000    0.4286    0.5000         7\n        学生讨论     0.9091    0.6977    0.7895        43\n        课堂沉寂     0.8632    0.9535    0.9061        86\n\n    accuracy                         0.9551       957\n   macro avg     0.9088    0.8813    0.8918       957\nweighted avg     0.9547    0.9551    0.9539       957\n"
}