{
  "test_loss": 0.29274790911003945,
  "test_accuracy": 0.8934169278996865,
  "test_f1": 0.8920442456307319,
  "best_val_f1": 0.8985002430171105,
  "confusion_matrix": [
    [
      125,
      3,
      1,
      0,
      0,
      0,
      0,
      0,
      0,
      0
    ],
    [
      0,
      233,
      1,
      0,
      0,
      0,
      3,
      0,
      1,
      0
    ],
    [
      1,
      11,
      179,
      1,
      3,
      0,
      1,
      2,
      0,
      0
    ],
    [
      0,
      1,
      1,
      87,
      0,
      1,
      1,
      0,
      3,
      21
    ],
    [
      0,
      0,
      1,
      0,
      42,
      1,
      0,
      1,
      0,
      0
    ],
    [
      0,
      1,
      6,
      5,
      0,
      57,
      0,
      2,
      0,
      0
    ],
    [
      0,
      0,
      1,
      0,
      0,
      0,
      24,
      0,
      0,
      0
    ],
    [
      0,
      0,
      2,
      1,
      1,
      1,
      0,
      2,
      0,
      0
    ],
    [
      1,
      3,
      0,
      0,
      1,
      0,
      0,
      0,
      24,
      14
    ],
    [
      0,
      1,
      0,
      2,
      0,
      0,
      0,
      0,
      1,
      82
    ]
  ],
  "classification_report": "              precision    recall  f1-score   support\n\n        教师提问     0.9843    0.9690    0.9766       129\n        学生发言     0.9209    0.9790    0.9491       238\n        教师讲授     0.9323    0.9040    0.9179       198\n        教师巡视     0.9062    0.7565    0.8246       115\n        教师指令     0.8936    0.9333    0.9130        45\n        教师板书     0.9500    0.8028    0.8702        71\n        教师反馈     0.8276    0.9600    0.8889        25\n        技术操作     0.2857    0.2857    0.2857         7\n        学生讨论     0.8276    0.5581    0.6667        43\n        课堂沉寂     0.7009    0.9535    0.8079        86\n\n    accuracy                         0.8934       957\n   macro avg     0.8229    0.8102    0.8101       957\nweighted avg     0.8999    0.8934    0.8920       957\n"
}