{
  "test_loss": 0.2529134669185927,
  "test_accuracy": 0.9278996865203761,
  "test_f1": 0.9260110852626958,
  "best_val_f1": 0.9339725707216148,
  "confusion_matrix": [
    [
      128,
      1,
      0,
      0,
      0,
      0,
      0,
      0,
      0,
      0
    ],
    [
      2,
      230,
      0,
      1,
      0,
      1,
      2,
      0,
      1,
      1
    ],
    [
      1,
      13,
      176,
      1,
      2,
      1,
      2,
      1,
      1,
      0
    ],
    [
      0,
      4,
      1,
      95,
      0,
      4,
      1,
      0,
      0,
      10
    ],
    [
      0,
      0,
      1,
      0,
      43,
      1,
      0,
      0,
      0,
      0
    ],
    [
      0,
      0,
      3,
      2,
      0,
      65,
      0,
      1,
      0,
      0
    ],
    [
      0,
      0,
      0,
      0,
      0,
      0,
      25,
      0,
      0,
      0
    ],
    [
      0,
      0,
      1,
      1,
      0,
      4,
      0,
      1,
      0,
      0
    ],
    [
      0,
      0,
      0,
      0,
      0,
      0,
      0,
      0,
      43,
      0
    ],
    [
      0,
      1,
      0,
      3,
      0,
      0,
      0,
      0,
      0,
      82
    ]
  ],
  "classification_report": "              precision    recall  f1-score   support\n\n        教师提问     0.9771    0.9922    0.9846       129\n        学生发言     0.9237    0.9664    0.9446       238\n        教师讲授     0.9670    0.8889    0.9263       198\n        教师巡视     0.9223    0.8261    0.8716       115\n        教师指令     0.9556    0.9556    0.9556        45\n        教师板书     0.8553    0.9155    0.8844        71\n        教师反馈     0.8333    1.0000    0.9091        25\n        技术操作     0.3333    0.1429    0.2000         7\n        学生讨论     0.9556    1.0000    0.9773        43\n        课堂沉寂     0.8817    0.9535    0.9162        86\n\n    accuracy                         0.9279       957\n   macro avg     0.8605    0.8641    0.8570       957\nweighted avg     0.9271    0.9279    0.9260       957\n"
}