{
  "test_loss": 0.3385566228379806,
  "test_accuracy": 0.8986415882967607,
  "test_f1": 0.8967427729168018,
  "best_val_f1": 0.8948752298686646,
  "confusion_matrix": [
    [
      128,
      1,
      0,
      0,
      0,
      0,
      0,
      0,
      0,
      0
    ],
    [
      0,
      231,
      1,
      1,
      0,
      0,
      3,
      0,
      2,
      0
    ],
    [
      1,
      5,
      183,
      0,
      3,
      0,
      2,
      1,
      1,
      2
    ],
    [
      0,
      2,
      3,
      93,
      0,
      1,
      1,
      0,
      0,
      15
    ],
    [
      0,
      0,
      3,
      0,
      40,
      1,
      0,
      1,
      0,
      0
    ],
    [
      0,
      0,
      3,
      3,
      0,
      59,
      0,
      6,
      0,
      0
    ],
    [
      0,
      0,
      1,
      0,
      0,
      0,
      24,
      0,
      0,
      0
    ],
    [
      0,
      0,
      1,
      2,
      0,
      3,
      0,
      1,
      0,
      0
    ],
    [
      1,
      5,
      0,
      5,
      1,
      0,
      0,
      0,
      20,
      11
    ],
    [
      0,
      1,
      0,
      4,
      0,
      0,
      0,
      0,
      0,
      81
    ]
  ],
  "classification_report": "              precision    recall  f1-score   support\n\n        教师提问     0.9846    0.9922    0.9884       129\n        学生发言     0.9429    0.9706    0.9565       238\n        教师讲授     0.9385    0.9242    0.9313       198\n        教师巡视     0.8611    0.8087    0.8341       115\n        教师指令     0.9091    0.8889    0.8989        45\n        教师板书     0.9219    0.8310    0.8741        71\n        教师反馈     0.8000    0.9600    0.8727        25\n        技术操作     0.1111    0.1429    0.1250         7\n        学生讨论     0.8696    0.4651    0.6061        43\n        课堂沉寂     0.7431    0.9419    0.8308        86\n\n    accuracy                         0.8986       957\n   macro avg     0.8082    0.7925    0.7918       957\nweighted avg     0.9036    0.8986    0.8967       957\n"
}