{
  "test_loss": 0.1544899844409277,
  "test_accuracy": 0.9571577847439916,
  "test_f1": 0.9574982707393822,
  "best_val_f1": 0.9683318401193123,
  "confusion_matrix": [
    [
      127,
      1,
      0,
      1,
      0,
      0,
      0,
      0,
      0,
      0
    ],
    [
      0,
      235,
      2,
      0,
      0,
      0,
      1,
      0,
      0,
      0
    ],
    [
      2,
      0,
      188,
      0,
      2,
      0,
      1,
      5,
      0,
      0
    ],
    [
      0,
      0,
      0,
      110,
      0,
      2,
      1,
      0,
      2,
      0
    ],
    [
      0,
      0,
      4,
      0,
      40,
      0,
      0,
      1,
      0,
      0
    ],
    [
      0,
      0,
      0,
      0,
      0,
      71,
      0,
      0,
      0,
      0
    ],
    [
      0,
      0,
      1,
      0,
      0,
      0,
      24,
      0,
      0,
      0
    ],
    [
      0,
      0,
      3,
      1,
      0,
      1,
      0,
      2,
      0,
      0
    ],
    [
      0,
      0,
      0,
      0,
      0,
      0,
      0,
      0,
      38,
      5
    ],
    [
      0,
      0,
      0,
      2,
      0,
      0,
      0,
      0,
      3,
      81
    ]
  ],
  "classification_report": "              precision    recall  f1-score   support\n\n        教师提问     0.9845    0.9845    0.9845       129\n        学生发言     0.9958    0.9874    0.9916       238\n        教师讲授     0.9495    0.9495    0.9495       198\n        教师巡视     0.9649    0.9565    0.9607       115\n        教师指令     0.9524    0.8889    0.9195        45\n        教师板书     0.9595    1.0000    0.9793        71\n        教师反馈     0.8889    0.9600    0.9231        25\n        技术操作     0.2500    0.2857    0.2667         7\n        学生讨论     0.8837    0.8837    0.8837        43\n        课堂沉寂     0.9419    0.9419    0.9419        86\n\n    accuracy                         0.9572       957\n   macro avg     0.8771    0.8838    0.8800       957\nweighted avg     0.9581    0.9572    0.9575       957\n"
}