{
  "test_loss": 0.22784354016184807,
  "test_accuracy": 0.9373040752351097,
  "test_f1": 0.9362330614679657,
  "best_val_f1": 0.9328572626702326,
  "confusion_matrix": [
    [
      128,
      1,
      0,
      0,
      0,
      0,
      0,
      0,
      0,
      0
    ],
    [
      1,
      233,
      2,
      0,
      0,
      0,
      2,
      0,
      0,
      0
    ],
    [
      2,
      5,
      183,
      0,
      4,
      2,
      2,
      0,
      0,
      0
    ],
    [
      0,
      2,
      2,
      99,
      0,
      4,
      0,
      0,
      0,
      8
    ],
    [
      0,
      0,
      3,
      0,
      41,
      1,
      0,
      0,
      0,
      0
    ],
    [
      0,
      0,
      3,
      2,
      0,
      64,
      0,
      2,
      0,
      0
    ],
    [
      0,
      0,
      1,
      0,
      0,
      0,
      24,
      0,
      0,
      0
    ],
    [
      0,
      0,
      1,
      1,
      1,
      2,
      0,
      2,
      0,
      0
    ],
    [
      0,
      1,
      0,
      0,
      0,
      0,
      0,
      0,
      42,
      0
    ],
    [
      0,
      1,
      0,
      4,
      0,
      0,
      0,
      0,
      0,
      81
    ]
  ],
  "classification_report": "              precision    recall  f1-score   support\n\n        教师提问     0.9771    0.9922    0.9846       129\n        学生发言     0.9588    0.9790    0.9688       238\n        教师讲授     0.9385    0.9242    0.9313       198\n        教师巡视     0.9340    0.8609    0.8959       115\n        教师指令     0.8913    0.9111    0.9011        45\n        教师板书     0.8767    0.9014    0.8889        71\n        教师反馈     0.8571    0.9600    0.9057        25\n        技术操作     0.5000    0.2857    0.3636         7\n        学生讨论     1.0000    0.9767    0.9882        43\n        课堂沉寂     0.9101    0.9419    0.9257        86\n\n    accuracy                         0.9373       957\n   macro avg     0.8844    0.8733    0.8754       957\nweighted avg     0.9363    0.9373    0.9362       957\n"
}