{
  "test_loss": 0.2946517825592309,
  "test_accuracy": 0.8766980146290491,
  "test_f1": 0.8723256721346734,
  "best_val_f1": 0.8715242339956623,
  "confusion_matrix": [
    [
      126,
      3,
      0,
      0,
      0,
      0,
      0,
      0,
      0,
      0
    ],
    [
      0,
      235,
      0,
      0,
      0,
      0,
      1,
      0,
      0,
      2
    ],
    [
      1,
      16,
      168,
      2,
      4,
      0,
      4,
      1,
      1,
      1
    ],
    [
      0,
      1,
      1,
      61,
      0,
      5,
      1,
      0,
      0,
      46
    ],
    [
      0,
      0,
      1,
      1,
      40,
      1,
      0,
      1,
      0,
      1
    ],
    [
      0,
      1,
      1,
      5,
      0,
      60,
      0,
      0,
      1,
      3
    ],
    [
      0,
      1,
      2,
      0,
      0,
      0,
      22,
      0,
      0,
      0
    ],
    [
      0,
      0,
      1,
      2,
      0,
      4,
      0,
      0,
      0,
      0
    ],
    [
      0,
      0,
      0,
      0,
      0,
      0,
      0,
      0,
      43,
      0
    ],
    [
      0,
      1,
      0,
      1,
      0,
      0,
      0,
      0,
      0,
      84
    ]
  ],
  "classification_report": "              precision    recall  f1-score   support\n\n        教师提问     0.9921    0.9767    0.9844       129\n        学生发言     0.9109    0.9874    0.9476       238\n        教师讲授     0.9655    0.8485    0.9032       198\n        教师巡视     0.8472    0.5304    0.6524       115\n        教师指令     0.9091    0.8889    0.8989        45\n        教师板书     0.8571    0.8451    0.8511        71\n        教师反馈     0.7857    0.8800    0.8302        25\n        技术操作     0.0000    0.0000    0.0000         7\n        学生讨论     0.9556    1.0000    0.9773        43\n        课堂沉寂     0.6131    0.9767    0.7534        86\n\n    accuracy                         0.8767       957\n   macro avg     0.7836    0.7934    0.7798       957\nweighted avg     0.8867    0.8767    0.8723       957\n"
}