{
  "test_loss": 0.29410318080335857,
  "test_accuracy": 0.8934169278996865,
  "test_f1": 0.890517251223984,
  "best_val_f1": 0.9033337987696234,
  "confusion_matrix": [
    [
      127,
      1,
      0,
      1,
      0,
      0,
      0,
      0,
      0,
      0
    ],
    [
      0,
      228,
      4,
      0,
      0,
      1,
      3,
      0,
      1,
      1
    ],
    [
      1,
      4,
      184,
      3,
      3,
      0,
      1,
      2,
      0,
      0
    ],
    [
      0,
      1,
      2,
      77,
      0,
      3,
      1,
      0,
      0,
      31
    ],
    [
      0,
      0,
      5,
      0,
      39,
      1,
      0,
      0,
      0,
      0
    ],
    [
      0,
      0,
      3,
      8,
      0,
      57,
      0,
      0,
      0,
      3
    ],
    [
      0,
      0,
      6,
      0,
      0,
      0,
      19,
      0,
      0,
      0
    ],
    [
      0,
      0,
      1,
      3,
      0,
      3,
      0,
      0,
      0,
      0
    ],
    [
      0,
      2,
      0,
      0,
      0,
      0,
      0,
      0,
      41,
      0
    ],
    [
      0,
      1,
      0,
      2,
      0,
      0,
      0,
      0,
      0,
      83
    ]
  ],
  "classification_report": "              precision    recall  f1-score   support\n\n        教师提问     0.9922    0.9845    0.9883       129\n        学生发言     0.9620    0.9580    0.9600       238\n        教师讲授     0.8976    0.9293    0.9132       198\n        教师巡视     0.8191    0.6696    0.7368       115\n        教师指令     0.9286    0.8667    0.8966        45\n        教师板书     0.8769    0.8028    0.8382        71\n        教师反馈     0.7917    0.7600    0.7755        25\n        技术操作     0.0000    0.0000    0.0000         7\n        学生讨论     0.9762    0.9535    0.9647        43\n        课堂沉寂     0.7034    0.9651    0.8137        86\n\n    accuracy                         0.8934       957\n   macro avg     0.7948    0.7889    0.7887       957\nweighted avg     0.8936    0.8934    0.8905       957\n"
}