{
  "test_loss": 0.22729285672927896,
  "test_accuracy": 0.9487983281086729,
  "test_f1": 0.9467538855507323,
  "best_val_f1": 0.9377884673058967,
  "confusion_matrix": [
    [
      127,
      1,
      0,
      1,
      0,
      0,
      0,
      0,
      0,
      0
    ],
    [
      0,
      235,
      1,
      0,
      0,
      0,
      2,
      0,
      0,
      0
    ],
    [
      1,
      2,
      186,
      2,
      3,
      2,
      1,
      0,
      1,
      0
    ],
    [
      0,
      1,
      0,
      106,
      0,
      2,
      1,
      0,
      0,
      5
    ],
    [
      0,
      0,
      2,
      0,
      42,
      1,
      0,
      0,
      0,
      0
    ],
    [
      0,
      0,
      4,
      2,
      0,
      65,
      0,
      0,
      0,
      0
    ],
    [
      0,
      0,
      2,
      0,
      0,
      0,
      23,
      0,
      0,
      0
    ],
    [
      0,
      0,
      1,
      1,
      0,
      4,
      0,
      1,
      0,
      0
    ],
    [
      0,
      0,
      1,
      0,
      0,
      0,
      0,
      0,
      42,
      0
    ],
    [
      0,
      1,
      0,
      4,
      0,
      0,
      0,
      0,
      0,
      81
    ]
  ],
  "classification_report": "              precision    recall  f1-score   support\n\n        教师提问     0.9922    0.9845    0.9883       129\n        学生发言     0.9792    0.9874    0.9833       238\n        教师讲授     0.9442    0.9394    0.9418       198\n        教师巡视     0.9138    0.9217    0.9177       115\n        教师指令     0.9333    0.9333    0.9333        45\n        教师板书     0.8784    0.9155    0.8966        71\n        教师反馈     0.8519    0.9200    0.8846        25\n        技术操作     1.0000    0.1429    0.2500         7\n        学生讨论     0.9767    0.9767    0.9767        43\n        课堂沉寂     0.9419    0.9419    0.9419        86\n\n    accuracy                         0.9488       957\n   macro avg     0.9411    0.8663    0.8714       957\nweighted avg     0.9496    0.9488    0.9468       957\n"
}