{
  "test_loss": 0.3719687945675105,
  "test_accuracy": 0.8693834900731452,
  "test_f1": 0.8547392743026991,
  "best_val_f1": 0.8488493307987439,
  "confusion_matrix": [
    [
      128,
      1,
      0,
      0,
      0,
      0,
      0,
      0,
      0,
      0
    ],
    [
      0,
      235,
      0,
      0,
      0,
      0,
      2,
      0,
      1,
      0
    ],
    [
      1,
      8,
      181,
      0,
      5,
      1,
      2,
      0,
      0,
      0
    ],
    [
      0,
      1,
      3,
      70,
      0,
      12,
      1,
      0,
      0,
      28
    ],
    [
      0,
      0,
      2,
      0,
      42,
      1,
      0,
      0,
      0,
      0
    ],
    [
      0,
      0,
      3,
      2,
      0,
      64,
      0,
      0,
      0,
      2
    ],
    [
      0,
      1,
      1,
      0,
      0,
      0,
      23,
      0,
      0,
      0
    ],
    [
      0,
      0,
      1,
      1,
      2,
      3,
      0,
      0,
      0,
      0
    ],
    [
      1,
      5,
      0,
      0,
      0,
      0,
      0,
      0,
      5,
      32
    ],
    [
      0,
      1,
      0,
      1,
      0,
      0,
      0,
      0,
      0,
      84
    ]
  ],
  "classification_report": "              precision    recall  f1-score   support\n\n        教师提问     0.9846    0.9922    0.9884       129\n        学生发言     0.9325    0.9874    0.9592       238\n        教师讲授     0.9476    0.9141    0.9306       198\n        教师巡视     0.9459    0.6087    0.7407       115\n        教师指令     0.8571    0.9333    0.8936        45\n        教师板书     0.7901    0.9014    0.8421        71\n        教师反馈     0.8214    0.9200    0.8679        25\n        技术操作     0.0000    0.0000    0.0000         7\n        学生讨论     0.8333    0.1163    0.2041        43\n        课堂沉寂     0.5753    0.9767    0.7241        86\n\n    accuracy                         0.8694       957\n   macro avg     0.7688    0.7350    0.7151       957\nweighted avg     0.8839    0.8694    0.8547       957\n"
}