{
  "test_loss": 0.3617797341818611,
  "test_accuracy": 0.819226750261233,
  "test_f1": 0.8020388147324049,
  "best_val_f1": 0.7971085379837364,
  "confusion_matrix": [
    [
      126,
      1,
      0,
      0,
      0,
      0,
      0,
      0,
      0,
      2
    ],
    [
      0,
      235,
      2,
      0,
      0,
      0,
      0,
      0,
      0,
      1
    ],
    [
      1,
      7,
      174,
      3,
      6,
      0,
      0,
      0,
      0,
      7
    ],
    [
      0,
      2,
      1,
      51,
      1,
      7,
      0,
      0,
      0,
      53
    ],
    [
      0,
      2,
      10,
      4,
      25,
      2,
      0,
      0,
      0,
      2
    ],
    [
      0,
      0,
      5,
      9,
      2,
      48,
      0,
      0,
      0,
      7
    ],
    [
      0,
      4,
      15,
      1,
      5,
      0,
      0,
      0,
      0,
      0
    ],
    [
      0,
      0,
      1,
      1,
      2,
      3,
      0,
      0,
      0,
      0
    ],
    [
      0,
      1,
      0,
      0,
      0,
      0,
      0,
      0,
      41,
      1
    ],
    [
      0,
      1,
      0,
      1,
      0,
      0,
      0,
      0,
      0,
      84
    ]
  ],
  "classification_report": "              precision    recall  f1-score   support\n\n        教师提问     0.9921    0.9767    0.9844       129\n        学生发言     0.9289    0.9874    0.9572       238\n        教师讲授     0.8365    0.8788    0.8571       198\n        教师巡视     0.7286    0.4435    0.5514       115\n        教师指令     0.6098    0.5556    0.5814        45\n        教师板书     0.8000    0.6761    0.7328        71\n        教师反馈     0.0000    0.0000    0.0000        25\n        技术操作     0.0000    0.0000    0.0000         7\n        学生讨论     1.0000    0.9535    0.9762        43\n        课堂沉寂     0.5350    0.9767    0.6914        86\n\n    accuracy                         0.8192       957\n   macro avg     0.6431    0.6448    0.6332       957\nweighted avg     0.8064    0.8192    0.8020       957\n"
}