{
  "test_loss": 0.19523687926121056,
  "test_accuracy": 0.9258098223615465,
  "test_f1": 0.9254778286273795,
  "best_val_f1": 0.9382050779887473,
  "confusion_matrix": [
    [
      128,
      1,
      0,
      0,
      0,
      0,
      0,
      0,
      0,
      0
    ],
    [
      0,
      235,
      0,
      0,
      0,
      0,
      2,
      0,
      1,
      0
    ],
    [
      1,
      6,
      178,
      4,
      4,
      1,
      1,
      2,
      1,
      0
    ],
    [
      0,
      1,
      0,
      97,
      0,
      1,
      1,
      0,
      0,
      15
    ],
    [
      0,
      0,
      4,
      0,
      41,
      0,
      0,
      0,
      0,
      0
    ],
    [
      0,
      0,
      6,
      4,
      0,
      56,
      0,
      4,
      0,
      1
    ],
    [
      0,
      1,
      2,
      0,
      0,
      0,
      22,
      0,
      0,
      0
    ],
    [
      0,
      0,
      2,
      1,
      1,
      1,
      0,
      2,
      0,
      0
    ],
    [
      0,
      0,
      0,
      0,
      0,
      0,
      0,
      0,
      43,
      0
    ],
    [
      0,
      1,
      0,
      1,
      0,
      0,
      0,
      0,
      0,
      84
    ]
  ],
  "classification_report": "              precision    recall  f1-score   support\n\n        教师提问     0.9922    0.9922    0.9922       129\n        学生发言     0.9592    0.9874    0.9731       238\n        教师讲授     0.9271    0.8990    0.9128       198\n        教师巡视     0.9065    0.8435    0.8739       115\n        教师指令     0.8913    0.9111    0.9011        45\n        教师板书     0.9492    0.7887    0.8615        71\n        教师反馈     0.8462    0.8800    0.8627        25\n        技术操作     0.2500    0.2857    0.2667         7\n        学生讨论     0.9556    1.0000    0.9773        43\n        课堂沉寂     0.8400    0.9767    0.9032        86\n\n    accuracy                         0.9258       957\n   macro avg     0.8517    0.8564    0.8525       957\nweighted avg     0.9277    0.9258    0.9255       957\n"
}