{
  "test_loss": 0.26119333747774365,
  "test_accuracy": 0.9205851619644723,
  "test_f1": 0.9175777645776091,
  "best_val_f1": 0.9084234104804052,
  "confusion_matrix": [
    [
      127,
      2,
      0,
      0,
      0,
      0,
      0,
      0,
      0,
      0
    ],
    [
      0,
      234,
      3,
      0,
      0,
      0,
      1,
      0,
      0,
      0
    ],
    [
      1,
      1,
      191,
      0,
      3,
      1,
      0,
      0,
      1,
      0
    ],
    [
      0,
      1,
      2,
      84,
      0,
      5,
      1,
      0,
      0,
      22
    ],
    [
      0,
      0,
      4,
      0,
      40,
      1,
      0,
      0,
      0,
      0
    ],
    [
      0,
      0,
      4,
      4,
      0,
      62,
      0,
      0,
      0,
      1
    ],
    [
      0,
      1,
      4,
      0,
      0,
      0,
      20,
      0,
      0,
      0
    ],
    [
      0,
      0,
      2,
      1,
      0,
      3,
      0,
      1,
      0,
      0
    ],
    [
      0,
      2,
      0,
      0,
      0,
      0,
      0,
      0,
      41,
      0
    ],
    [
      0,
      1,
      0,
      4,
      0,
      0,
      0,
      0,
      0,
      81
    ]
  ],
  "classification_report": "              precision    recall  f1-score   support\n\n        教师提问     0.9922    0.9845    0.9883       129\n        学生发言     0.9669    0.9832    0.9750       238\n        教师讲授     0.9095    0.9646    0.9363       198\n        教师巡视     0.9032    0.7304    0.8077       115\n        教师指令     0.9302    0.8889    0.9091        45\n        教师板书     0.8611    0.8732    0.8671        71\n        教师反馈     0.9091    0.8000    0.8511        25\n        技术操作     1.0000    0.1429    0.2500         7\n        学生讨论     0.9762    0.9535    0.9647        43\n        课堂沉寂     0.7788    0.9419    0.8526        86\n\n    accuracy                         0.9206       957\n   macro avg     0.9227    0.8263    0.8402       957\nweighted avg     0.9235    0.9206    0.9176       957\n"
}