{
  "test_loss": 0.13988439690632123,
  "test_accuracy": 0.9728317659352143,
  "test_f1": 0.9721843788410113,
  "best_val_f1": 0.977647850702023,
  "confusion_matrix": [
    [
      127,
      1,
      0,
      1,
      0,
      0,
      0,
      0,
      0,
      0
    ],
    [
      0,
      236,
      1,
      0,
      1,
      0,
      0,
      0,
      0,
      0
    ],
    [
      1,
      0,
      191,
      0,
      3,
      0,
      2,
      1,
      0,
      0
    ],
    [
      0,
      0,
      0,
      112,
      0,
      2,
      0,
      0,
      0,
      1
    ],
    [
      0,
      0,
      3,
      0,
      42,
      0,
      0,
      0,
      0,
      0
    ],
    [
      0,
      0,
      0,
      0,
      0,
      71,
      0,
      0,
      0,
      0
    ],
    [
      0,
      1,
      1,
      0,
      0,
      0,
      23,
      0,
      0,
      0
    ],
    [
      0,
      0,
      3,
      1,
      0,
      0,
      0,
      3,
      0,
      0
    ],
    [
      0,
      0,
      0,
      0,
      0,
      0,
      0,
      0,
      43,
      0
    ],
    [
      0,
      1,
      0,
      2,
      0,
      0,
      0,
      0,
      0,
      83
    ]
  ],
  "classification_report": "              precision    recall  f1-score   support\n\n        教师提问     0.9922    0.9845    0.9883       129\n        学生发言     0.9874    0.9916    0.9895       238\n        教师讲授     0.9598    0.9646    0.9622       198\n        教师巡视     0.9655    0.9739    0.9697       115\n        教师指令     0.9130    0.9333    0.9231        45\n        教师板书     0.9726    1.0000    0.9861        71\n        教师反馈     0.9200    0.9200    0.9200        25\n        技术操作     0.7500    0.4286    0.5455         7\n        学生讨论     1.0000    1.0000    1.0000        43\n        课堂沉寂     0.9881    0.9651    0.9765        86\n\n    accuracy                         0.9728       957\n   macro avg     0.9449    0.9162    0.9261       957\nweighted avg     0.9723    0.9728    0.9722       957\n"
}