{
  "test_loss": 0.2518978183157742,
  "test_accuracy": 0.9153605015673981,
  "test_f1": 0.9150942034067956,
  "best_val_f1": 0.9196972698326016,
  "confusion_matrix": [
    [
      128,
      1,
      0,
      0,
      0,
      0,
      0,
      0,
      0,
      0
    ],
    [
      0,
      232,
      3,
      0,
      0,
      1,
      2,
      0,
      0,
      0
    ],
    [
      1,
      3,
      185,
      1,
      4,
      2,
      2,
      0,
      0,
      0
    ],
    [
      0,
      0,
      2,
      85,
      1,
      7,
      1,
      0,
      0,
      19
    ],
    [
      0,
      0,
      1,
      0,
      43,
      1,
      0,
      0,
      0,
      0
    ],
    [
      0,
      0,
      5,
      2,
      0,
      56,
      0,
      7,
      0,
      1
    ],
    [
      0,
      1,
      1,
      0,
      0,
      0,
      23,
      0,
      0,
      0
    ],
    [
      0,
      0,
      1,
      1,
      0,
      4,
      0,
      1,
      0,
      0
    ],
    [
      0,
      1,
      0,
      0,
      0,
      0,
      0,
      0,
      42,
      0
    ],
    [
      0,
      1,
      0,
      4,
      0,
      0,
      0,
      0,
      0,
      81
    ]
  ],
  "classification_report": "              precision    recall  f1-score   support\n\n        教师提问     0.9922    0.9922    0.9922       129\n        学生发言     0.9707    0.9748    0.9727       238\n        教师讲授     0.9343    0.9343    0.9343       198\n        教师巡视     0.9140    0.7391    0.8173       115\n        教师指令     0.8958    0.9556    0.9247        45\n        教师板书     0.7887    0.7887    0.7887        71\n        教师反馈     0.8214    0.9200    0.8679        25\n        技术操作     0.1250    0.1429    0.1333         7\n        学生讨论     1.0000    0.9767    0.9882        43\n        课堂沉寂     0.8020    0.9419    0.8663        86\n\n    accuracy                         0.9154       957\n   macro avg     0.8244    0.8366    0.8286       957\nweighted avg     0.9183    0.9154    0.9151       957\n"
}