{
  "test_loss": 0.20637254373480876,
  "test_accuracy": 0.9320794148380356,
  "test_f1": 0.9290664999371167,
  "best_val_f1": 0.9240716391890728,
  "confusion_matrix": [
    [
      128,
      1,
      0,
      0,
      0,
      0,
      0,
      0,
      0,
      0
    ],
    [
      2,
      233,
      0,
      0,
      0,
      0,
      3,
      0,
      0,
      0
    ],
    [
      1,
      5,
      183,
      1,
      3,
      1,
      2,
      1,
      1,
      0
    ],
    [
      0,
      0,
      2,
      97,
      0,
      2,
      1,
      0,
      0,
      13
    ],
    [
      0,
      0,
      2,
      0,
      42,
      1,
      0,
      0,
      0,
      0
    ],
    [
      0,
      0,
      3,
      6,
      0,
      62,
      0,
      0,
      0,
      0
    ],
    [
      0,
      0,
      2,
      0,
      0,
      0,
      23,
      0,
      0,
      0
    ],
    [
      0,
      0,
      1,
      2,
      0,
      4,
      0,
      0,
      0,
      0
    ],
    [
      0,
      2,
      0,
      0,
      0,
      0,
      0,
      0,
      41,
      0
    ],
    [
      0,
      1,
      0,
      2,
      0,
      0,
      0,
      0,
      0,
      83
    ]
  ],
  "classification_report": "              precision    recall  f1-score   support\n\n        教师提问     0.9771    0.9922    0.9846       129\n        学生发言     0.9628    0.9790    0.9708       238\n        教师讲授     0.9482    0.9242    0.9361       198\n        教师巡视     0.8981    0.8435    0.8700       115\n        教师指令     0.9333    0.9333    0.9333        45\n        教师板书     0.8857    0.8732    0.8794        71\n        教师反馈     0.7931    0.9200    0.8519        25\n        技术操作     0.0000    0.0000    0.0000         7\n        学生讨论     0.9762    0.9535    0.9647        43\n        课堂沉寂     0.8646    0.9651    0.9121        86\n\n    accuracy                         0.9321       957\n   macro avg     0.8239    0.8384    0.8303       957\nweighted avg     0.9271    0.9321    0.9291       957\n"
}