{
  "test_loss": 0.23662291519964734,
  "test_accuracy": 0.9456635318704284,
  "test_f1": 0.9443050659580808,
  "best_val_f1": 0.9328911297872287,
  "confusion_matrix": [
    [
      127,
      1,
      0,
      1,
      0,
      0,
      0,
      0,
      0,
      0
    ],
    [
      0,
      236,
      1,
      0,
      0,
      0,
      1,
      0,
      0,
      0
    ],
    [
      1,
      0,
      188,
      0,
      6,
      0,
      2,
      1,
      0,
      0
    ],
    [
      0,
      0,
      0,
      107,
      0,
      2,
      1,
      2,
      2,
      1
    ],
    [
      0,
      0,
      5,
      0,
      40,
      0,
      0,
      0,
      0,
      0
    ],
    [
      0,
      0,
      0,
      0,
      0,
      70,
      0,
      0,
      0,
      1
    ],
    [
      0,
      0,
      0,
      0,
      0,
      0,
      25,
      0,
      0,
      0
    ],
    [
      0,
      1,
      3,
      1,
      0,
      0,
      0,
      2,
      0,
      0
    ],
    [
      0,
      0,
      0,
      0,
      0,
      0,
      0,
      0,
      28,
      15
    ],
    [
      0,
      1,
      0,
      2,
      0,
      0,
      0,
      0,
      1,
      82
    ]
  ],
  "classification_report": "              precision    recall  f1-score   support\n\n        教师提问     0.9922    0.9845    0.9883       129\n        学生发言     0.9874    0.9916    0.9895       238\n        教师讲授     0.9543    0.9495    0.9519       198\n        教师巡视     0.9640    0.9304    0.9469       115\n        教师指令     0.8696    0.8889    0.8791        45\n        教师板书     0.9722    0.9859    0.9790        71\n        教师反馈     0.8621    1.0000    0.9259        25\n        技术操作     0.4000    0.2857    0.3333         7\n        学生讨论     0.9032    0.6512    0.7568        43\n        课堂沉寂     0.8283    0.9535    0.8865        86\n\n    accuracy                         0.9457       957\n   macro avg     0.8733    0.8621    0.8637       957\nweighted avg     0.9461    0.9457    0.9443       957\n"
}